Workbook

Sheet 明細
A1: 番号 | B1: 種類 | C1: 場所 | D1: 図面のページ | E1: 数
A2: F1 | B2: 照明 | C2: 事務室1 | D2: SAMPLE-01 (p1) | E2: 1
A3: F2 | B3: 照明 | C3: 事務室1 | D3: SAMPLE-01 (p1) | E3: 1
A4: C1 | B4: コンセント | C4: 事務室1 | D4: SAMPLE-01 (p1) | E4: 1
A5: C2 | B5: コンセント | C5: 事務室1 | D5: SAMPLE-01 (p1) | E5: 1
A6: S1 | B6: スイッチ | C6: 事務室1 | D6: SAMPLE-01 (p1) | E6: 1
A7: F3 | B7: 照明 | C7: 事務室2 | D7: SAMPLE-01 (p1) | E7: 1
A8: F4 | B8: 照明 | C8: 事務室2 | D8: SAMPLE-01 (p1) | E8: 1
A9: C3 | B9: コンセント | C9: 事務室2 | D9: SAMPLE-01 (p1) | E9: 1
A10: C4 | B10: コンセント | C10: 事務室2 | D10: SAMPLE-01 (p1) | E10: 1
A11: C5 | B11: コンセント | C11: 事務室2 | D11: SAMPLE-01 (p1) | E11: 1
A12: S2 | B12: スイッチ | C12: 事務室2 | D12: SAMPLE-01 (p1) | E12: 1
A13: F5 | B13: 照明 | C13: 会議室 | D13: SAMPLE-01 (p1) | E13: 1
... A22: P1 | B22: 分電盤 | C22: 廊下 | D22: SAMPLE-01 (p1) | E22: 1

Sheet 集計
A1: 種類 ＼ 場所 | B1: 事務室1 | C1: 事務室2 | D1: 会議室 | E1: 廊下 | F1: 合計 | G1: 明細の数 | H1: 見出しの漏れの確かめ
A2: 照明 | B2: =SUMIFS(明細!$E:$E,明細!$B:$B,$A2,明細!$C:$C,B$1) | C2: =SUMIFS(明細!$E:$E,明細!$B:$B,$A2,明細!$C:$C,C$1) | D2: =SUMIFS(明細!$E:$E,明細!$B:$B,$A2,明細!$C:$C,D$1) | E2: =SUMIFS(明細!$E:$E,明細!$B:$B,$A2,明細!$C:$C,E$1) | F2: =SUM(B2:E2) | G2: =SUMIF(明細!$B:$B,$A2,明細!$E:$E) | H2: =IF(F2=G2,"OK","NG")
A3: コンセント | B3: =SUMIFS(明細!$E:$E,明細!$B:$B,$A3,明細!$C:$C,B$1) | C3: =SUMIFS(明細!$E:$E,明細!$B:$B,$A3,明細!$C:$C,C$1) | D3: =SUMIFS(明細!$E:$E,明細!$B:$B,$A3,明細!$C:$C,D$1) | E3: =SUMIFS(明細!$E:$E,明細!$B:$B,$A3,明細!$C:$C,E$1) | F3: =SUM(B3:E3) | G3: =SUMIF(明細!$B:$B,$A3,明細!$E:$E) | H3: =IF(F3=G3,"OK","NG")
A4: スイッチ | B4: =SUMIFS(明細!$E:$E,明細!$B:$B,$A4,明細!$C:$C,B$1) | C4: =SUMIFS(明細!$E:$E,明細!$B:$B,$A4,明細!$C:$C,C$1) | D4: =SUMIFS(明細!$E:$E,明細!$B:$B,$A4,明細!$C:$C,D$1) | E4: =SUMIFS(明細!$E:$E,明細!$B:$B,$A4,明細!$C:$C,E$1) | F4: =SUM(B4:E4) | G4: =SUMIF(明細!$B:$B,$A4,明細!$E:$E) | H4: =IF(F4=G4,"OK","NG")
A5: 分電盤 | B5: =SUMIFS(明細!$E:$E,明細!$B:$B,$A5,明細!$C:$C,B$1) | C5: =SUMIFS(明細!$E:$E,明細!$B:$B,$A5,明細!$C:$C,C$1) | D5: =SUMIFS(明細!$E:$E,明細!$B:$B,$A5,明細!$C:$C,D$1) | E5: =SUMIFS(明細!$E:$E,明細!$B:$B,$A5,明細!$C:$C,E$1) | F5: =SUM(B5:E5) | G5: =SUMIF(明細!$B:$B,$A5,明細!$E:$E) | H5: =IF(F5=G5,"OK","NG")
A6: 合計 | B6: =SUM(B2:B5) | C6: =SUM(C2:C5) | D6: =SUM(D2:D5) | E6: =SUM(E2:E5) | F6: =SUM(F2:F5) | G6: =SUM(G2:G5)
A8: =IF(F6=SUM(明細!$E:$E),"明細の数と合っている","明細の数と合わない")

Sheet 前提・質問
A1: # | B1: 前提・お客様への質問
A2: 1 | B2: 照明器具の型番（カタログ番号）は図面に記載が無いため、個数のみお出ししています。型の指定があればご連絡ください。
A3: 2 | B3: 分電盤の回路構成（何回路分か）は、特記仕様書等の指定がないため拾いの対象外としています。
